,source_well,destination_well,barcode
0,Evo123_ReArrange_P4-B8,Li2019_neutrals_handpicked-A1,GTAATAAGAAGTAAGATGATTCTATT_GCTCGAATCACGAATATTTTTTTGTC
1,Evo123_ReArrange_P4-C3,Li2019_neutrals_handpicked-A2,GTAATAAGAAGTAAGATGATTCTATT_TATGCAAGTGCAAATGTTTTATCTC
2,Evo123_ReArrange_P4-C8,Li2019_neutrals_handpicked-A3,GTAATAAGAAGTAAGATGATTCTATT_TGGATAACTCGTAAGGACCTTGTCAA
3,Evo123_ReArrange_P4-D5,Li2019_neutrals_handpicked-A4,GTAATAAGAAGTAAGATGATTCTATT_TGCATAACCAATAATTAGATTGTAGA
4,Evo123_ReArrange_P4-E2,Li2019_neutrals_handpicked-A5,GTAATAAGAAGTAAGATGATTCTATT_ATTGTAACTAAGAATACCGTTCGCAG
5,Evo123_ReArrange_P4-E8,Li2019_neutrals_handpicked-A6,GTAATAAGAAGTAAGATGATTCTATT_CCTTTAAACCAAAACACAGTTCGACA
6,Evo123_ReArrange_P4-F8,Li2019_neutrals_handpicked-A7,GTAATAAGAAGTAAGATGATTCTATT_GAAGAAATAGTAAAGGCAATTCCAAA
7,Evo123_ReArrange_P4-F9,Li2019_neutrals_handpicked-A8,GTAATAAGAAGTAAGATGATTCTATT_AACACAAATGCGAATGAGTTTAATAG
8,Evo123_ReArrange_P4-F11,Li2019_neutrals_handpicked-A9,GTAATAAGAAGTAAGATGATTCTATT_AAGCCAAGTTCGAAAATGATTTAGGG
9,Evo123_ReArrange_P5-B1,Li2019_neutrals_handpicked-A10,GTAATAAGAAGTAAGATGATTCTATT_AGACAAATCCAGAACATCCTTAGTTT
10,Evo123_ReArrange_P5-B11,Li2019_neutrals_handpicked-A11,GTAATAAGAAGTAAGATGATTCTATT_TACAAAACTATAAACTTGATTAATCA
11,Evo123_ReArrange_P5-C5,Li2019_neutrals_handpicked-A12,GTAATAAGAAGTAAGATGATTCTATT_TGACTAAGAGTTAATTCAGTTTATAT
12,Evo123_ReArrange_P5-C6,Li2019_neutrals_handpicked-B1,GTAATAAGAAGTAAGATGATTCTATT_TGCTCAACTGGCAAAAAATTTCGAAC
13,Evo123_ReArrange_P5-D1,Li2019_neutrals_handpicked-B2,GTAATAAGAAGTAAGATGATTCTATT_TTGAGAAATACGAATACACTTGTAAA
14,Evo123_ReArrange_P5-D4,Li2019_neutrals_handpicked-B3,GTAATAAGAAGTAAGATGATTCTATT_CAAAGAAAAGTTAATACCGTTCGGCG
15,Evo123_ReArrange_P5-D10,Li2019_neutrals_handpicked-B4,GTAATAAGAAGTAAGATGATTCTATT_TACTCAATGTGTAAAGAGCTTCCTTT
16,Evo123_ReArrange_P5-D11,Li2019_neutrals_handpicked-B5,GTAATAAGAAGTAAGATGATTCTATT_TATTGAATCAGTAAGATGTTTGATTA
17,Evo123_ReArrange_P5-E2,Li2019_neutrals_handpicked-B6,CCCCCAATCCTCAACCCGCTTCGTAC_TTGTTAAAACCGAACTCAATTTTTAT
18,Evo123_ReArrange_P5-E10,Li2019_neutrals_handpicked-B7,GTAATAAGAAGTAAGATGATTCTATT_GCTGTAACACAGAAGGTAGTTTTCCT
19,Evo123_ReArrange_P5-F1,Li2019_neutrals_handpicked-B8,GTAATAAGAAGTAAGATGATTCTATT_TTTTTAAACAGTAATGCCATTAGCAG
20,Evo123_ReArrange_P5-F4,Li2019_neutrals_handpicked-B9,GTAATAAGAAGTAAGATGATTCTATT_CGTCCAATCGTTAATAGACTTTGCTT
21,Evo123_ReArrange_P5-F11,Li2019_neutrals_handpicked-B10,GTAATAAGAAGTAAGATGATTCTATT_CCCACAATACTTAAGGGCATTGTCAT
22,Evo123_ReArrange_P5-G1,Li2019_neutrals_handpicked-B11,GTAATAAGAAGTAAGATGATTCTATT_ATGTAAAGGCGAAATCTAATTTACTG
23,Evo123_ReArrange_P5-G2,Li2019_neutrals_handpicked-B12,GTAATAAGAAGTAAGATGATTCTATT_AAGGTAAACCATAAATCGGTTGAATT
24,Evo123_ReArrange_P5-G3,Li2019_neutrals_handpicked-C1,GTAATAAGAAGTAAGATGATTCTATT_ACCCCAAAAGTCAAAGGGCTTTACAA
25,Evo123_ReArrange_P5-G4,Li2019_neutrals_handpicked-C2,GTAATAAGAAGTAAGATGATTCTATT_CATCGAATATTCAAGTATGTTTTCTA
26,Evo123_ReArrange_P5-G12,Li2019_neutrals_handpicked-C3,CCCCCAATCCTCAACCCGCTTCGTAC_TTCAGAACAGACAAGAATTTTTTATG
27,Evo123_ReArrange_P5-H5,Li2019_neutrals_handpicked-C4,GTAATAAGAAGTAAGATGATTCTATT_TCACTAAGACCTAAGGTGATTGTTTC
28,Evo123_ReArrange_P5-H8,Li2019_neutrals_handpicked-C5,GTAATAAGAAGTAAGATGATTCTATT_GTCTAAACGTTTAAAATAATTACGTA
29,Evo123_ReArrange_P5-H11,Li2019_neutrals_handpicked-C6,GTAATAAGAAGTAAGATGATTCTATT_TCATGAACGGATAAGCTGGTTGGTTG
30,Evo123_ReArrange_P6-A4,Li2019_neutrals_handpicked-C7,GTAATAAGAAGTAAGATGATTCTATT_CCGGGAATCACGAATGTGTTTTTAAC
31,Evo123_ReArrange_P6-A5,Li2019_neutrals_handpicked-C8,GTAATAAGAAGTAAGATGATTCTATT_ATGTCAAGTTTGAACGATATTACTAG
32,Evo123_ReArrange_P6-B2,Li2019_neutrals_handpicked-C9,GTAATAAGAAGTAAGATGATTCTATT_ATGGAAAAGATTAATGTGCTTGTCCA
33,Evo123_ReArrange_P6-B7,Li2019_neutrals_handpicked-C10,CGTATAAAGCGCAACACTGTTGATCG_AATCTAAACCTGAAAAGAATTTGGTA
34,Evo123_ReArrange_P6-D4,Li2019_neutrals_handpicked-C11,GTAATAAGAAGTAAGATGATTCTATT_ACTAGAAAACTGTTATGAA
35,Evo123_ReArrange_P6-D6,Li2019_neutrals_handpicked-C12,GTAATAAGAAGTAAGATGATTCTATT_TATAAAACAGTTAACAGCGTTTGCTT
36,Evo123_ReArrange_P6-E5,Li2019_neutrals_handpicked-D1,GTAATAAGAAGTAAGATGATTCTATT_TCAGCAACCAGCAAAATTATTATCTC
37,Evo123_ReArrange_P6-F4,Li2019_neutrals_handpicked-D2,GTAATAAGAAGTAAGATGATTCTATT_CCCCCAATTTTCAAGTATATTATGTC
38,Evo123_ReArrange_P6-G3,Li2019_neutrals_handpicked-D3,GTAATAAGAAGTAAGATGATTCTATT_TTCGCAAAGCAGAACGCTATTAAAAA
39,Evo123_ReArrange_P6-G4,Li2019_neutrals_handpicked-D4,GTAATAAGAAGTAAGATGATTCTATT_GATCCAATTATTAAATGATTTGCCGG
40,Evo123_ReArrange_P6-G6,Li2019_neutrals_handpicked-D5,GTAATAAGAAGTAAGATGATTCTATT_TATACAATACTCAACTCTGTTTGTAA
41,Evo123_ReArrange_P6-G12,Li2019_neutrals_handpicked-D6,GTAATAAGAAGTAAGATGATTCTATT_CAAGGAAACGTAAACTTACTTTTCGA
42,Evo123_ReArrange_P6-H3,Li2019_neutrals_handpicked-D7,GTAATAAGAAGTAAGATGATTCTATT_ATCTGAATTCACAATGATCTTTACTT
43,Evo123_ReArrange_P7-A8,Li2019_neutrals_handpicked-D8,GTAATAAGAAGTAAGATGATTCTATT_GTTTAAATATGGAAATTTATTCTAAC
44,Evo123_ReArrange_P7-B1,Li2019_neutrals_handpicked-D9,GTAATAAGAAGTAAGATGATTCTATT_ATAACAAACATCAACTGAGTTATATG
45,Evo123_ReArrange_P7-B6,Li2019_neutrals_handpicked-D10,GTAATAAGAAGTAAGATGATTCTATT_TCATCAACAGCTAACCGATTTGCGTT
46,Evo123_ReArrange_P7-B8,Li2019_neutrals_handpicked-D11,GTAATAAGAAGTAAGATGATTCTATT_GGCAAAAAGACGAAATGGCTTTGATA
47,Evo123_ReArrange_P7-B10,Li2019_neutrals_handpicked-D12,GTAATAAGAAGTAAGATGATTCTATT_CCCAAAAACATTAAAGAGATTCGTTG
48,Evo123_ReArrange_P7-C2,Li2019_neutrals_handpicked-E1,GTAATAAGAAGTAAGATGATTCTATT_TCAAGAATGCTCAAATGCATTTTCTT
49,Evo123_ReArrange_P7-C6,Li2019_neutrals_handpicked-E2,GTAATAAGAAGTAAGATGATTCTATT_ACTGTAATGTGAAAGGCATTTTTTGC
50,Evo123_ReArrange_P7-C8,Li2019_neutrals_handpicked-E3,GTAATAAGAAGTAAGATGATTCTATT_TTAGGAAATTCTAATGCGATTGAATG
51,Evo123_ReArrange_P7-C9,Li2019_neutrals_handpicked-E4,GTAATAAGAAGTAAGATGATTCTATT_ATTAGAATTTATAAGTAGGTTGTATT
52,Evo123_ReArrange_P7-C11,Li2019_neutrals_handpicked-E5,GTAATAAGAAGTAAGATGATTCTATT_CCCCGAACGTGAAATGTTGTTATATA
53,Evo123_ReArrange_P7-C12,Li2019_neutrals_handpicked-E6,GTAATAAGAAGTAAGATGATTCTATT_TGTTCAAAAGTGAAATCTGTTTTGTA
54,Evo123_ReArrange_P7-D7,Li2019_neutrals_handpicked-E7,GTAATAAGAAGTAAGATGATTCTATT_GTGGGAAGATGCAAGTCCATTTACTC
55,Evo123_ReArrange_P7-E5,Li2019_neutrals_handpicked-E8,GTAATAAGAAGTAAGATGATTCTATT_TGGCTAACAGGAAACGAGGTTGGGCG
56,Evo123_ReArrange_P7-E7,Li2019_neutrals_handpicked-E9,GTAATAAGAAGTAAGATGATTCTATT_GAAAAAAGAGGTAACCTCCTTTAGGA
57,Evo123_ReArrange_P7-F2,Li2019_neutrals_handpicked-E10,GTAATAAGAAGTAAGATGATTCTATT_TCTAGAATTAGCAAGTACATTGCCGT
58,Evo123_ReArrange_P7-G3,Li2019_neutrals_handpicked-E11,GTAATAAGAAGTAAGATGATTCTATT_ACTAGAAGTGAGAAGACTCTTGGATT
59,Evo123_ReArrange_P7-G6,Li2019_neutrals_handpicked-E12,GTAATAAGAAGTAAGATGATTCTATT_TATTGAAGCGTAAATCTACTTAGTAA
60,Evo123_ReArrange_P7-H6,Li2019_neutrals_handpicked-F1,GTAATAAGAAGTAAGATGATTCTATT_CCTACAAGTCCAAACTCTTTTCAGTT
61,Evo123_ReArrange_P7-H10,Li2019_neutrals_handpicked-F2,GTAATAAGAAGTAAGATGATTCTATT_AAACAAACATCCAAATATCTTTGTGT
